963,450,BLACK
963,451,BLACK
964,449,BLACK
964,450,LIGHTBLUE
964,451,LIGHTBLUE
964,452,BLACK
965,448,BLACK
965,449,LIGHTBLUE
965,450,LIGHTBLUE
965,451,LIGHTBLUE
965,452,BLACK
966,448,BLACK
966,449,LIGHTBLUE
966,450,LIGHTBLUE
966,451,LIGHTBLUE
966,452,LIGHTBLUE
966,453,BLACK
967,447,BLACK
967,448,LIGHTBLUE
967,449,LIGHTBLUE
967,450,LIGHTBLUE
967,451,LIGHTBLUE
967,452,LIGHTBLUE
967,453,LIGHTBLUE
967,454,BLACK
967,459,BLACK
968,446,BLACK
968,447,LIGHTBLUE
968,448,LIGHTBLUE
968,449,LIGHTBLUE
968,450,LIGHTBLUE
968,451,LIGHTBLUE
968,452,LIGHTBLUE
968,453,LIGHTBLUE
968,454,BLACK
968,458,BLACK
968,459,BLACK
969,446,BLACK
969,447,LIGHTBLUE
969,448,LIGHTBLUE
969,449,LIGHTBLUE
969,450,LIGHTBLUE
969,451,LIGHTBLUE
969,452,LIGHTBLUE
969,453,LIGHTBLUE
969,454,LIGHTBLUE
969,455,BLACK
969,457,BLACK
969,458,BLUE
969,459,BLACK
970,445,BLACK
970,446,WHITE
970,447,WHITE
970,448,WHITE
970,449,WHITE
970,450,WHITE
970,451,WHITE
970,452,WHITE
970,453,WHITE
970,454,WHITE
970,455,WHITE
970,456,BLACK
970,457,BLUE
970,458,BLUE
970,459,BLACK
971,445,BLACK
971,446,WHITE
971,447,WHITE
971,448,WHITE
971,449,WHITE
971,450,WHITE
971,451,WHITE
971,452,WHITE
971,453,WHITE
971,454,WHITE
971,455,WHITE
971,456,WHITE
971,457,BLUE
971,458,BLUE
971,459,BLACK
972,444,BLACK
972,445,WHITE
972,446,WHITE
972,447,BLUE
972,448,BLUE
972,449,BLUE
972,450,WHITE
972,451,WHITE
972,452,LIGHTBLUE
972,453,LIGHTBLUE
972,454,LIGHTBLUE
972,455,WHITE
972,456,WHITE
972,457,BLUE
972,458,BLUE
972,459,BLACK
973,443,BLACK
973,444,BLUE
973,445,WHITE
973,446,WHITE
973,447,BLUE
973,448,BLUE
973,449,BLUE
973,450,WHITE
973,451,WHITE
973,452,LIGHTBLUE
973,453,LIGHTBLUE
973,454,BLUE
973,455,WHITE
973,456,WHITE
973,457,BLUE
973,458,BLUE
973,459,BLACK
974,443,BLACK
974,444,BLUE
974,445,WHITE
974,446,WHITE
974,447,BLUE
974,448,BLUE
974,449,LIGHTBLUE
974,450,WHITE
974,451,WHITE
974,452,LIGHTBLUE
974,453,LIGHTBLUE
974,454,BLUE
974,455,WHITE
974,456,WHITE
974,457,BLUE
974,458,BLUE
974,459,BLACK
975,442,BLACK
975,443,BLUE
975,444,BLUE
975,445,WHITE
975,446,WHITE
975,447,BLUE
975,448,BLUE
975,449,LIGHTBLUE
975,450,WHITE
975,451,WHITE
975,452,LIGHTBLUE
975,453,BLUE
975,454,BLUE
975,455,WHITE
975,456,WHITE
975,457,BLUE
975,458,BLUE
975,459,BLACK
975,463,BLACK
976,441,BLACK
976,442,BLUE
976,443,BLUE
976,444,BLUE
976,445,BLUE
976,446,BLUE
976,447,BLUE
976,448,BLUE
976,449,LIGHTBLUE
976,450,LIGHTBLUE
976,451,LIGHTBLUE
976,452,BLUE
976,453,BLUE
976,454,BLUE
976,455,BLUE
976,456,BLUE
976,457,BLUE
976,458,BLUE
976,459,BLUE
976,460,BLACK
976,461,BLACK
976,462,BLACK
976,463,BLACK
977,441,BLACK
977,442,BLUE
977,443,BLUE
977,444,BLUE
977,445,BLUE
977,446,BLUE
977,447,BLUE
977,448,LIGHTBLUE
977,449,LIGHTBLUE
977,450,LIGHTBLUE
977,451,BLUE
977,452,BLUE
977,453,BLUE
977,454,BLUE
977,455,BLUE
977,456,BLUE
977,457,BLUE
977,458,BLUE
977,459,BLUE
977,460,BLUE
977,461,BLUE
977,462,BLUE
977,463,BLACK
978,440,BLACK
978,441,BLUE
978,442,BLUE
978,443,BLUE
978,444,BLUE
978,445,WHITE
978,446,WHITE
978,447,WHITE
978,448,WHITE
978,449,WHITE
978,450,WHITE
978,451,WHITE
978,452,WHITE
978,453,WHITE
978,454,WHITE
978,455,WHITE
978,456,WHITE
978,457,BLUE
978,458,BLUE
978,459,BLUE
978,460,BLUE
978,461,BLUE
978,462,BLUE
978,463,BLACK
979,439,BLACK
979,440,BLUE
979,441,BLUE
979,442,BLUE
979,443,BLUE
979,444,BLUE
979,445,WHITE
979,446,WHITE
979,447,WHITE
979,448,WHITE
979,449,WHITE
979,450,WHITE
979,451,WHITE
979,452,WHITE
979,453,WHITE
979,454,WHITE
979,455,WHITE
979,456,WHITE
979,457,BLUE
979,458,BLUE
979,459,BLUE
979,460,BLUE
979,461,BLUE
979,462,BLACK
980,439,BLACK
980,440,BLUE
980,441,BLUE
980,442,BLUE
980,443,BLUE
980,444,BLUE
980,445,WHITE
980,446,WHITE
980,447,BLUE
980,448,BLUE
980,449,BLUE
980,450,BLUE
980,451,BLUE
980,452,WHITE
980,453,WHITE
980,454,BLUE
980,455,BLUE
980,456,BLUE
980,457,BLUE
980,458,BLUE
980,459,BLUE
980,460,BLUE
980,461,BLUE
980,462,BLUE
980,463,BLACK
981,438,BLACK
981,439,BLUE
981,440,BLUE
981,441,BLUE
981,442,BLUE
981,443,BLUE
981,444,BLUE
981,445,WHITE
981,446,WHITE
981,447,WHITE
981,448,BLUE
981,449,BLUE
981,450,BLUE
981,451,BLUE
981,452,WHITE
981,453,WHITE
981,454,BLUE
981,455,BLUE
981,456,BLUE
981,457,BLUE
981,458,BLUE
981,459,BLUE
981,460,BLUE
981,461,BLUE
981,462,BLUE
981,463,LIGHTBLUE
981,464,BLACK
982,437,BLACK
982,438,BLUE
982,439,BLUE
982,440,BLUE
982,441,BLUE
982,442,BLUE
982,443,BLUE
982,444,BLUE
982,445,BLUE
982,446,WHITE
982,447,WHITE
982,448,WHITE
982,449,BLUE
982,450,WHITE
982,451,WHITE
982,452,WHITE
982,453,WHITE
982,454,BLUE
982,455,BLUE
982,456,BLUE
982,457,BLUE
982,458,BLUE
982,459,BLUE
982,460,BLUE
982,461,BLUE
982,462,BLUE
982,463,LIGHTBLUE
982,464,BLACK
983,437,BLACK
983,438,BLUE
983,439,BLUE
983,440,BLUE
983,441,BLUE
983,442,BLUE
983,443,BLUE
983,444,BLUE
983,445,BLUE
983,446,BLUE
983,447,WHITE
983,448,WHITE
983,449,WHITE
983,450,WHITE
983,451,WHITE
983,452,WHITE
983,453,BLUE
983,454,BLUE
983,455,BLUE
983,456,BLUE
983,457,BLUE
983,458,BLUE
983,459,BLUE
983,460,BLUE
983,461,BLUE
983,462,LIGHTBLUE
983,463,LIGHTBLUE
983,464,LIGHTBLUE
983,465,BLACK
984,436,BLACK
984,437,BLUE
984,438,BLUE
984,439,BLUE
984,440,BLUE
984,441,BLUE
984,442,BLUE
984,443,BLUE
984,444,BLUE
984,445,BLUE
984,446,BLUE
984,447,BLUE
984,448,WHITE
984,449,WHITE
984,450,WHITE
984,451,WHITE
984,452,BLUE
984,453,BLUE
984,454,BLUE
984,455,BLUE
984,456,BLUE
984,457,BLUE
984,458,BLUE
984,459,BLUE
984,460,BLUE
984,461,BLUE
984,462,LIGHTBLUE
984,463,LIGHTBLUE
984,464,LIGHTBLUE
984,465,LIGHTBLUE
984,466,BLACK
985,436,BLACK
985,437,BLACK
985,438,BLACK
985,439,BLUE
985,440,BLUE
985,441,BLUE
985,442,BLUE
985,443,BLUE
985,444,BLUE
985,445,BLUE
985,446,BLUE
985,447,BLUE
985,448,BLUE
985,449,BLUE
985,450,BLUE
985,451,BLUE
985,452,BLUE
985,453,BLUE
985,454,BLUE
985,455,BLUE
985,456,BLUE
985,457,BLUE
985,458,BLUE
985,459,BLUE
985,460,BLUE
985,461,BLUE
985,462,LIGHTBLUE
985,463,LIGHTBLUE
985,464,LIGHTBLUE
985,465,LIGHTBLUE
985,466,BLACK
986,439,BLACK
986,440,BLUE
986,441,BLUE
986,442,BLUE
986,443,BLUE
986,444,BLUE
986,445,WHITE
986,446,WHITE
986,447,WHITE
986,448,WHITE
986,449,WHITE
986,450,WHITE
986,451,WHITE
986,452,WHITE
986,453,WHITE
986,454,WHITE
986,455,WHITE
986,456,WHITE
986,457,BLUE
986,458,BLUE
986,459,BLUE
986,460,BLUE
986,461,BLACK
986,462,LIGHTBLUE
986,463,LIGHTBLUE
986,464,LIGHTBLUE
986,465,LIGHTBLUE
986,466,LIGHTBLUE
986,467,BLACK
987,438,BLACK
987,439,LIGHTBLUE
987,440,LIGHTBLUE
987,441,LIGHTBLUE
987,442,LIGHTBLUE
987,443,LIGHTBLUE
987,444,LIGHTBLUE
987,445,WHITE
987,446,WHITE
987,447,WHITE
987,448,WHITE
987,449,WHITE
987,450,WHITE
987,451,WHITE
987,452,WHITE
987,453,WHITE
987,454,WHITE
987,455,WHITE
987,456,WHITE
987,457,BLUE
987,458,BLUE
987,459,BLUE
987,460,BLACK
987,462,BLACK
987,463,BLACK
987,464,BLACK
987,465,BLACK
987,466,BLACK
987,467,BLACK
987,468,BLACK
988,437,BLACK
988,438,LIGHTBLUE
988,439,LIGHTBLUE
988,440,LIGHTBLUE
988,441,LIGHTBLUE
988,442,LIGHTBLUE
988,443,LIGHTBLUE
988,444,LIGHTBLUE
988,445,LIGHTBLUE
988,446,LIGHTBLUE
988,447,LIGHTBLUE
988,448,LIGHTBLUE
988,449,LIGHTBLUE
988,450,LIGHTBLUE
988,451,BLUE
988,452,BLUE
988,453,BLUE
988,454,BLUE
988,455,BLUE
988,456,BLUE
988,457,BLUE
988,458,BLUE
988,459,BLUE
988,460,BLACK
989,438,BLACK
989,439,LIGHTBLUE
989,440,LIGHTBLUE
989,441,LIGHTBLUE
989,442,LIGHTBLUE
989,443,LIGHTBLUE
989,444,LIGHTBLUE
989,445,WHITE
989,446,WHITE
989,447,LIGHTBLUE
989,448,LIGHTBLUE
989,449,LIGHTBLUE
989,450,LIGHTBLUE
989,451,BLUE
989,452,BLUE
989,453,BLUE
989,454,BLUE
989,455,BLUE
989,456,BLUE
989,457,BLUE
989,458,BLUE
989,459,BLUE
989,460,BLACK
990,439,BLACK
990,440,LIGHTBLUE
990,441,LIGHTBLUE
990,442,LIGHTBLUE
990,443,LIGHTBLUE
990,444,LIGHTBLUE
990,445,WHITE
990,446,WHITE
990,447,LIGHTBLUE
990,448,LIGHTBLUE
990,449,LIGHTBLUE
990,450,LIGHTBLUE
990,451,LIGHTBLUE
990,452,BLUE
990,453,BLUE
990,454,BLUE
990,455,BLUE
990,456,BLUE
990,457,BLUE
990,458,BLUE
990,459,BLUE
990,460,BLACK
991,440,BLACK
991,441,LIGHTBLUE
991,442,LIGHTBLUE
991,443,LIGHTBLUE
991,444,LIGHTBLUE
991,445,WHITE
991,446,WHITE
991,447,LIGHTBLUE
991,448,LIGHTBLUE
991,449,LIGHTBLUE
991,450,LIGHTBLUE
991,451,LIGHTBLUE
991,452,LIGHTBLUE
991,453,BLUE
991,454,BLUE
991,455,BLUE
991,456,BLUE
991,457,BLUE
991,458,BLUE
991,459,BLACK
992,440,BLACK
992,441,LIGHTBLUE
992,442,LIGHTBLUE
992,443,LIGHTBLUE
992,444,LIGHTBLUE
992,445,WHITE
992,446,WHITE
992,447,WHITE
992,448,WHITE
992,449,WHITE
992,450,WHITE
992,451,WHITE
992,452,WHITE
992,453,WHITE
992,454,WHITE
992,455,WHITE
992,456,WHITE
992,457,BLUE
992,458,BLUE
992,459,BLACK
993,439,BLACK
993,440,LIGHTBLUE
993,441,LIGHTBLUE
993,442,LIGHTBLUE
993,443,LIGHTBLUE
993,444,LIGHTBLUE
993,445,WHITE
993,446,WHITE
993,447,WHITE
993,448,WHITE
993,449,WHITE
993,450,WHITE
993,451,WHITE
993,452,WHITE
993,453,WHITE
993,454,WHITE
993,455,WHITE
993,456,WHITE
993,457,BLUE
993,458,BLUE
993,459,BLACK
994,438,BLACK
994,439,LIGHTBLUE
994,440,LIGHTBLUE
994,441,LIGHTBLUE
994,442,LIGHTBLUE
994,443,LIGHTBLUE
994,444,LIGHTBLUE
994,445,WHITE
994,446,WHITE
994,447,LIGHTBLUE
994,448,LIGHTBLUE
994,449,LIGHTBLUE
994,450,LIGHTBLUE
994,451,LIGHTBLUE
994,452,BLUE
994,453,BLUE
994,454,BLUE
994,455,BLUE
994,456,BLUE
994,457,BLUE
994,458,BLUE
994,459,BLACK
995,438,BLACK
995,439,LIGHTBLUE
995,440,LIGHTBLUE
995,441,LIGHTBLUE
995,442,LIGHTBLUE
995,443,LIGHTBLUE
995,444,LIGHTBLUE
995,445,WHITE
995,446,WHITE
995,447,LIGHTBLUE
995,448,LIGHTBLUE
995,449,LIGHTBLUE
995,450,LIGHTBLUE
995,451,BLUE
995,452,BLUE
995,453,BLUE
995,454,BLUE
995,455,BLUE
995,456,BLUE
995,457,BLUE
995,458,BLUE
995,459,BLACK
996,437,BLACK
996,438,LIGHTBLUE
996,439,LIGHTBLUE
996,440,LIGHTBLUE
996,441,LIGHTBLUE
996,442,LIGHTBLUE
996,443,LIGHTBLUE
996,444,LIGHTBLUE
996,445,WHITE
996,446,WHITE
996,447,LIGHTBLUE
996,448,LIGHTBLUE
996,449,LIGHTBLUE
996,450,LIGHTBLUE
996,451,BLUE
996,452,BLUE
996,453,BLUE
996,454,WHITE
996,455,WHITE
996,456,WHITE
996,457,BLUE
996,458,BLUE
996,459,BLACK
997,436,BLACK
997,437,LIGHTBLUE
997,438,LIGHTBLUE
997,439,LIGHTBLUE
997,440,LIGHTBLUE
997,441,LIGHTBLUE
997,442,LIGHTBLUE
997,443,LIGHTBLUE
997,444,LIGHTBLUE
997,445,LIGHTBLUE
997,446,LIGHTBLUE
997,447,LIGHTBLUE
997,448,LIGHTBLUE
997,449,LIGHTBLUE
997,450,BLUE
997,451,BLUE
997,452,WHITE
997,453,WHITE
997,454,WHITE
997,455,WHITE
997,456,WHITE
997,457,BLUE
997,458,BLUE
997,459,BLACK
998,435,BLACK
998,436,BLACK
998,437,BLACK
998,438,LIGHTBLUE
998,439,LIGHTBLUE
998,440,LIGHTBLUE
998,441,LIGHTBLUE
998,442,LIGHTBLUE
998,443,LIGHTBLUE
998,444,LIGHTBLUE
998,445,LIGHTBLUE
998,446,LIGHTBLUE
998,447,LIGHTBLUE
998,448,LIGHTBLUE
998,449,LIGHTBLUE
998,450,WHITE
998,451,WHITE
998,452,WHITE
998,453,WHITE
998,454,WHITE
998,455,WHITE
998,456,WHITE
998,457,BLUE
998,458,BLUE
998,459,BLACK
999,438,BLACK
999,439,BLACK
999,440,LIGHTBLUE
999,441,LIGHTBLUE
999,442,LIGHTBLUE
999,443,LIGHTBLUE
999,444,LIGHTBLUE
999,445,LIGHTBLUE
999,446,LIGHTBLUE
999,447,WHITE
999,448,WHITE
999,449,WHITE
999,450,WHITE
999,451,WHITE
999,452,BLUE
999,453,BLUE
999,454,WHITE
999,455,WHITE
999,456,BLUE
999,457,BLUE
999,458,BLUE
999,459,BLACK
1000,440,BLACK
1000,441,BLACK
1000,442,LIGHTBLUE
1000,443,LIGHTBLUE
1000,444,LIGHTBLUE
1000,445,WHITE
1000,446,WHITE
1000,447,WHITE
1000,448,WHITE
1000,449,WHITE
1000,450,BLUE
1000,451,LIGHTBLUE
1000,452,LIGHTBLUE
1000,453,BLUE
1000,454,WHITE
1000,455,WHITE
1000,456,BLUE
1000,457,BLUE
1000,458,BLUE
1000,459,BLACK
1001,442,BLACK
1001,443,BLACK
1001,444,BLACK
1001,445,LIGHTBLUE
1001,446,LIGHTBLUE
1001,447,WHITE
1001,448,WHITE
1001,449,WHITE
1001,450,WHITE
1001,451,BLUE
1001,452,BLUE
1001,453,BLUE
1001,454,WHITE
1001,455,WHITE
1001,456,BLUE
1001,457,BLUE
1001,458,BLUE
1001,459,BLACK
1002,445,BLACK
1002,446,BLACK
1002,447,LIGHTBLUE
1002,448,WHITE
1002,449,WHITE
1002,450,WHITE
1002,451,WHITE
1002,452,WHITE
1002,453,WHITE
1002,454,WHITE
1002,455,WHITE
1002,456,BLUE
1002,457,BLUE
1002,458,BLUE
1002,459,BLACK
1003,447,BLACK
1003,448,BLACK
1003,449,BLUE
1003,450,BLUE
1003,451,WHITE
1003,452,WHITE
1003,453,WHITE
1003,454,WHITE
1003,455,WHITE
1003,456,WHITE
1003,457,BLUE
1003,458,BLUE
1003,459,BLACK
1004,449,BLACK
1004,450,BLUE
1004,451,BLUE
1004,452,BLUE
1004,453,BLUE
1004,454,WHITE
1004,455,WHITE
1004,456,WHITE
1004,457,BLUE
1004,458,BLUE
1004,459,BLACK
1005,450,BLACK
1005,451,LIGHTBLUE
1005,452,BLUE
1005,453,BLUE
1005,454,BLUE
1005,455,BLUE
1005,456,BLUE
1005,457,BLUE
1005,458,BLUE
1005,459,BLACK
1006,451,BLACK
1006,452,LIGHTBLUE
1006,453,LIGHTBLUE
1006,454,BLUE
1006,455,BLUE
1006,456,BLACK
1006,457,BLUE
1006,458,BLUE
1006,459,BLACK
1007,452,BLACK
1007,453,LIGHTBLUE
1007,454,LIGHTBLUE
1007,455,BLACK
1007,457,BLACK
1007,458,BLACK
1007,459,BLACK
1008,452,BLACK
1008,453,LIGHTBLUE
1008,454,LIGHTBLUE
1008,455,BLACK
1009,453,BLACK
1009,454,LIGHTBLUE
1009,455,BLACK
1010,454,BLACK
